id,type,sort_order
1,checkbox,2
2,radio,3
4,text,4
5,select,1
6,textarea,5
7,file,6
8,date,7
9,time,8
10,datetime,9
11,select,1
12,date,1
13,select,7
14,select,0
15,text,0
16,text,0
17,select,0
18,text,0
19,text,0
20,textarea,0
21,text,0
22,text,0
23,text,0
24,textarea,0
25,text,0
26,text,0
27,text,0
28,text,0
29,text,0
30,text,0
31,text,0
32,text,0
33,text,0
34,text,0
35,text,0
36,text,0
37,text,0
38,text,0
39,text,0
40,text,0
41,text,0
42,text,0
43,text,0
44,text,0
45,text,0
46,text,0
47,text,0
48,text,0
49,text,0
50,text,0
51,text,0
52,text,0
53,text,0
54,text,0
55,text,0
56,text,0
57,text,0
58,text,0
59,text,0
60,text,0
61,text,0
62,text,0
63,text,0
64,text,0
65,text,0
66,text,0
67,text,0
68,text,0
69,text,0
70,text,0
71,text,0
72,text,0
73,text,0
74,text,0
75,text,0
76,text,0
77,text,0
78,text,0
79,text,0
80,text,0
81,text,0
82,text,0
83,text,0
84,text,0
85,text,0
86,text,0
87,text,0
88,text,0
89,text,0
90,text,0
91,text,0
92,text,0
93,text,0
94,text,0
95,text,0
96,text,0
97,text,0
98,text,0
99,text,0
100,text,0
101,text,0
102,text,0
103,text,0
104,text,0
105,text,0
106,text,0
107,text,0
108,text,0
109,text,0
110,text,0
111,text,0
112,text,0
113,text,0
114,text,0
115,text,0
116,text,0
117,text,0
118,text,0
119,text,0
120,text,0
121,text,0
122,text,0
123,text,0
124,text,0
125,text,0
126,text,0
127,text,0
128,text,0
129,text,0
130,text,0
131,text,0
132,text,0
133,text,0
134,text,0
135,text,0
136,text,0
137,text,0
138,text,0
139,text,0
140,text,0
141,text,0
142,text,0
143,text,0
144,text,0
145,text,0
147,text,0
148,text,0
149,text,0
150,text,0
151,text,0
152,text,0
153,text,0
154,text,0
155,text,0
156,text,0
157,text,0
158,text,0
159,text,0
160,text,0
161,text,0
162,text,0
163,text,0
164,text,0
165,text,0
166,text,0
167,text,0
168,text,0
169,text,0
170,text,0
171,text,0
172,text,0
173,text,0
174,text,0
175,text,0
176,text,0
177,text,0
178,text,0
179,text,0
180,text,0
181,text,0
182,text,0
183,text,0
184,text,0
185,text,0
186,text,0
187,text,0
188,text,0
189,text,0
190,text,0
191,text,0
192,text,0
193,text,0
194,text,0
196,text,0
197,text,0
198,text,0
199,text,0
200,text,0
201,text,0
202,text,0
203,text,0
204,text,0
205,text,0
206,text,0
207,text,0
208,text,0
209,text,0
210,text,0
212,text,0
213,text,0
214,text,0
215,text,0
216,text,0
217,text,0
218,text,0
219,text,0
221,text,0
222,text,0
223,text,0
224,text,0
225,text,0
226,text,0
227,text,0
228,text,0
229,text,0
230,text,0
231,text,0
232,text,0
233,text,0
234,text,0
235,text,0
236,text,0
237,text,0
238,text,0
239,text,0
240,text,0
241,text,0
242,text,0
243,text,0
244,text,0
245,text,0
246,text,0
247,text,0
248,text,0
249,text,0
250,text,0
251,text,0
252,text,0
253,text,0
254,text,0
255,text,0
256,text,0
257,text,0
258,text,0
259,text,0
260,text,0
261,text,0
262,text,0
263,text,0
264,text,0
265,text,0
266,text,0
267,text,0
268,text,0
269,text,0
270,text,0
271,text,0
272,text,0
273,text,0
274,text,0
275,text,0
276,text,0
277,text,0
278,text,0
279,text,0
280,text,0
281,text,0
282,text,0
283,text,0
284,text,0
285,text,0
286,text,0
287,text,0
288,text,0
289,select,7
290,text,0
291,text,0
292,text,0
293,text,0
294,text,0
295,text,0
296,text,0
297,text,0
298,text,0
299,text,0
300,text,0
301,text,0
302,text,0
303,text,0
304,text,0
305,text,0
306,text,0
307,text,0
308,text,0
309,text,0
310,text,0
311,text,0
312,text,0
313,text,0
314,text,0
315,text,0
316,text,0
317,text,0
318,text,0
319,text,0
320,text,0
321,text,0
322,text,0
323,text,0
324,text,0
325,text,0
326,text,0
327,text,0
328,text,0
329,text,0
330,text,0
331,text,0
332,text,0
333,text,0
334,text,0
335,text,0
336,text,0
337,text,0
338,text,0
339,text,0
340,text,0
341,text,0
342,text,0
343,text,0
344,text,0
346,text,0
347,text,0
348,text,0
349,text,0
350,text,0
351,text,0
352,text,0
353,text,0
354,text,0
355,text,0
356,text,0
357,text,0
358,text,0
359,text,0
360,text,0
361,select,0
362,radio,0
363,text,0
364,text,0
365,text,0
366,text,0
367,text,0
368,text,0
369,text,0
370,text,0
371,text,0
372,text,0
373,text,0
374,text,0
375,text,0
376,text,0
377,text,0
378,text,0
380,text,0
381,text,0
384,text,0
385,text,0
386,text,0
387,text,0
388,text,0
389,text,0
390,text,0
392,text,0
393,text,0
394,text,0
395,text,0
397,text,0
398,text,0
399,text,0
400,text,0
401,text,0
402,text,0
403,text,0
404,text,0
405,text,0
406,text,0
407,text,0
408,text,0
409,text,0
410,text,0
411,text,0
412,text,0
413,text,0
414,text,0
415,text,0
416,text,0
417,text,0
418,text,0
419,text,0
420,text,0
421,text,0
422,text,0
423,text,0
424,text,0
425,text,0
426,text,0
427,text,0
428,text,0
429,text,0
430,text,0
432,text,0
433,text,0
434,text,0
435,text,0
436,text,0
437,text,0
438,text,0
440,text,0
441,text,0
442,text,0
443,text,0
444,text,0
445,text,0
446,text,0
447,text,0
448,text,0
449,text,0
450,text,0
451,text,0
452,text,0
453,text,0
454,text,0
455,text,0
456,text,0
457,text,0
458,text,0
459,text,0
460,text,0
461,text,0
463,text,0
464,text,0
465,text,0
466,text,0
467,text,0
468,text,0
469,text,0
470,text,0
471,text,0
472,text,0
473,text,0
474,text,0
475,text,0
476,text,0
477,text,0
478,text,0
479,text,0
480,text,0
481,text,0
482,text,0
483,text,0
484,radio,0
485,text,0
486,text,0
487,text,0
488,text,0
489,text,0
490,text,0
491,text,0
492,text,0
493,text,0
494,text,0
495,text,0
496,text,0
497,text,0
498,text,0
499,text,0
500,text,0
501,text,0
502,text,0
503,text,0
504,text,0
505,text,0
506,text,0
507,text,0
508,text,0
509,text,0
510,text,0
511,text,0
512,text,0
513,text,0
514,text,0
515,text,0
516,text,0
517,text,0
518,text,0
519,text,0
520,text,0
521,text,0
522,text,0
523,text,0
524,text,0
525,text,0
526,text,0
527,text,0
528,text,0
529,text,0
530,text,0
531,text,0
533,text,0
534,text,0
535,text,0
536,text,0
537,text,0
538,text,0
539,text,0
540,text,0
541,text,0
542,text,0
543,text,0
544,text,0
545,text,0
546,text,0
547,text,0
548,text,0
549,text,0
550,text,0
551,text,0
552,text,0
554,text,0
555,text,0
556,text,0
557,text,0
559,text,0
560,text,0
561,text,0
562,text,0
563,text,0
564,text,0
565,text,0
566,text,0
567,text,0
568,text,0
569,text,0
570,text,0
571,text,0
572,text,0
573,text,0
574,text,0
575,text,0
576,text,0
577,text,0
578,text,0
579,text,0
580,text,0
581,text,0
582,text,0
583,text,0
584,text,0
585,text,0
586,text,0
587,text,0
588,text,0
589,text,0
590,text,0
591,text,0
592,text,0
593,text,0
594,text,0
595,text,0
596,text,0
597,text,0
598,text,0
599,text,0
600,text,0
601,text,0
602,text,0
603,text,0
604,text,0
605,text,0
606,text,0
607,text,0
608,text,0
609,text,0
610,text,0
611,text,0
613,text,0
614,text,0
615,text,0
616,text,0
617,text,0
618,text,0
619,text,0
620,text,0
621,text,0
622,text,0
623,text,0
624,text,0
625,text,0
626,text,0
627,text,0
628,text,0
629,text,0
630,text,0
631,text,0
632,text,0
633,text,0
634,text,0
635,text,0
636,text,0
637,text,0
638,text,0
639,text,0
640,text,0
641,text,0
642,text,0
643,text,0
644,text,0
645,text,0
646,text,0
647,text,0
648,text,0
649,text,0
650,text,0
651,text,0
652,text,0
653,text,0
654,text,0
655,text,0
656,text,0
657,text,0
658,text,0
659,text,0
660,text,0
661,text,0
662,text,0
663,text,0
664,text,0
665,text,0
666,text,0
667,text,0
668,text,0
669,text,0
670,text,0
671,text,0
672,text,0
673,text,0
674,text,0
675,text,0
676,text,0
677,text,0
678,text,0
679,text,0
680,text,0
681,text,0
682,text,0
683,text,0
684,text,0
685,text,0
686,text,0
687,text,0
688,text,0
689,text,0
690,text,0
691,text,0
692,text,0
693,text,0
694,text,0
695,text,0
696,text,0
697,text,0
698,text,0
699,text,0
700,text,0
701,text,0
702,text,0
703,text,0
704,text,0
705,text,0
706,text,0
707,text,0
708,text,0
709,text,0
710,text,0
711,text,0
712,text,0
713,text,0
714,text,0
715,text,0
716,text,0
717,text,0
718,text,0
719,text,0
720,text,0
721,text,0
722,text,0
723,text,0
724,text,0
725,text,0
726,text,0
727,text,0
728,text,0
729,text,0
730,text,0
731,text,0
732,text,0
734,text,0
735,text,0
736,text,0
737,text,0
738,text,0
739,text,0
740,text,0
741,text,0
742,text,0
743,text,0
744,text,0
745,text,0
746,text,0
747,text,0
748,text,0
749,text,0
750,text,0
751,text,0
752,text,0
753,text,0
754,text,0
755,text,0
756,text,0
757,text,0
758,text,0
759,text,0
760,text,0
761,text,0
762,text,0
763,text,0
764,text,0
765,text,0
766,text,0
767,text,0
768,text,0
769,text,0
770,text,0
771,text,0
772,text,0
774,text,0
775,text,0
777,text,0
778,text,0
779,text,0
780,select,0
781,text,0
782,text,0
783,text,0
784,text,0
785,text,0
786,text,0
787,text,0
788,text,0
789,text,0
790,text,0
791,text,0
792,text,0
793,text,0
794,text,0
795,text,0
796,text,0
797,text,0
798,text,0
799,text,0
800,text,0
801,text,0
802,text,0
803,text,0
804,text,0
805,text,0
806,text,0
807,text,0
808,text,0
809,text,0
810,text,0
811,text,0
812,text,0
813,radio,0
814,text,0
815,text,0
816,text,0
817,text,0
818,text,0
819,text,0
820,text,0
821,text,0
822,text,0
823,text,0
824,text,0
825,checkbox,8
826,text,0
827,text,0
828,text,0
829,text,0
830,text,0
831,text,0
832,text,0
833,text,0
834,text,0
835,text,0
836,text,0
837,text,0
838,text,0
839,text,0
840,text,0
841,text,0
842,text,0
843,text,0
844,text,0
845,text,0
846,text,0
847,text,0
848,text,0
849,text,0
850,text,0
851,text,0
852,text,0
853,text,0
854,text,0
855,text,0
856,text,0
857,text,0
858,text,0
859,text,0
860,text,0
861,text,0
862,text,0
863,text,0
864,text,0
865,text,0
866,text,0
867,text,0
868,text,0
869,text,0
870,text,0
871,text,0
872,text,0
873,text,0
874,text,0
875,text,0
876,text,0
877,text,0
878,text,0
879,text,0
880,text,0
881,text,0
882,text,0
883,text,0
884,text,0
885,text,0
886,text,0
888,text,0
889,text,0
890,text,0
891,text,0
892,text,0
893,text,0
894,text,0
895,text,0
896,text,0
897,text,0
898,text,0
899,text,0
900,text,0
901,text,0
902,text,0
903,text,0
904,text,0
905,text,0
906,text,0
907,text,0
908,text,0
909,text,0
910,text,0
911,text,0
912,text,0
913,text,0
914,text,0
915,text,0
916,text,0
917,text,0
918,text,0
919,text,0
920,text,0
921,text,0
922,text,0
923,text,0
924,text,0
925,text,0
926,text,0
927,text,0
928,text,0
929,text,0
930,text,0
931,text,0
932,text,0
933,text,0
934,text,0
935,text,0
936,text,0
937,text,0
938,text,0
939,text,0
940,text,0
941,text,0
942,text,0
943,text,0
944,text,0
945,text,0
946,text,0
947,text,0
948,text,0
949,text,0
950,text,0
951,text,0
952,text,0
953,text,0
954,text,0
955,select,0
956,text,0
957,text,0
958,text,0
959,text,0
960,text,0
961,text,0
962,text,0
963,text,0
964,text,0
965,text,0
966,text,0
967,text,0
968,text,0
969,text,0
970,text,0
971,text,0
972,text,0
973,text,0
974,text,0
975,text,0
977,text,0
978,text,0
979,text,0
980,text,0
981,text,0
982,text,0
983,text,0
984,text,0
985,text,0
986,text,0
987,text,0
988,text,0
989,text,0
990,text,0
991,text,0
992,text,0
993,text,0
994,text,0
995,text,0
996,text,0
997,text,0
998,text,0
999,text,0
1000,text,0
1001,text,0
1002,text,0
1003,text,0
1004,text,0
1005,text,0
1006,text,0
1007,text,0
1008,text,0
1009,text,0
1010,text,0
1011,text,0
1012,text,0
1013,text,0
1014,text,0
1015,text,0
1016,text,0
1017,text,0
1018,text,0
1019,text,0
1020,text,0
1021,text,0
1022,text,0
1023,text,0
1024,text,0
1025,text,0
1026,text,0
1027,text,0
1028,text,0
1029,text,0
1030,text,0
1031,text,0
1032,text,0
1033,text,0
1034,text,0
1035,text,0
1036,text,0
1037,text,0
1038,text,0
1039,text,0
1040,text,0
1041,text,0
1042,text,0
1043,text,0
1044,text,0
1045,text,0
1046,text,0
1047,text,0
1048,text,0
1049,text,0
1050,text,0
1051,text,0
1052,text,0
1053,text,0
1054,text,0
1055,text,0
1056,text,0
1057,text,0
1058,text,0
1059,text,0
1060,text,0
1061,text,0
1062,text,0
1063,text,0
1064,text,0
1065,text,0
1067,text,0
1068,text,0
1069,text,0
1070,text,0
1071,text,0
1072,text,0
1073,text,0
1074,text,0
1075,text,0
1076,text,0
1077,text,0
1078,text,0
1079,text,0
1080,text,0
1081,text,0
1082,text,0
1083,text,0
1084,text,0
1085,select,0
1086,text,0
1087,text,0
1088,text,0
1089,text,0
1090,text,0
1091,text,0
1092,text,0
1093,text,0
1094,text,0
1095,text,0
1096,text,0
1097,text,0
1098,text,0
1099,text,0
1100,text,0
1101,text,0
1102,text,0
1103,text,0
1104,text,0
1105,text,0
1106,text,0
1107,text,0
1108,text,0
1109,text,0
1110,text,0
1111,text,0
1112,text,0
1113,text,0
1114,text,0
1115,text,0
1116,text,0
1117,text,0
1118,text,0
1119,text,0
1120,text,0
1121,text,0
1122,text,0
1123,text,0
1124,text,0
1125,text,0
1126,text,0
1127,text,0
1128,text,0
1129,text,0
1130,text,0
1131,text,0
1132,text,0
1133,text,0
1134,text,0
1135,checkbox,0
1136,text,0
1137,text,0
1138,text,0
1139,text,0
1140,text,0
1141,text,0
1142,text,0
1143,text,0
1144,text,0
1145,text,0
1146,text,0
1147,text,0
1148,text,0
1149,text,0
1150,text,0
1151,text,0
1153,text,0
1154,text,0
1155,text,0
1156,text,0
1157,text,0
1158,text,0
1159,text,0
1160,text,0
1161,text,0
1162,text,0
1163,text,0
1164,text,0
1165,text,0
1166,text,0
1167,text,0
1168,text,0
1169,text,0
1170,text,0
1171,text,0
1172,text,0
1173,text,0
1174,text,0
1175,text,0
1176,text,0
1177,text,0
1178,text,0
1179,text,0
1180,text,0
1181,text,0
1182,text,0
1183,text,0
1184,text,0
1185,text,0
1186,text,0
1187,text,0
1188,text,0
1189,text,0
1190,text,0
1191,text,0
1192,text,0
1193,text,0
1194,text,0
1195,text,0
1196,text,0
1197,text,0
1198,text,0
1199,text,0
1200,text,0
1201,text,0
1202,text,0
1203,text,0
1204,text,0
1205,text,0
1206,text,0
1207,text,0
1208,text,0
1209,text,0
1210,text,0
1211,text,0
1212,text,0
1213,text,0
1214,text,0
1215,text,0
1216,text,0
1217,text,0
1218,text,0
1219,text,0
1220,text,0
1221,text,0
1222,text,0
1223,text,0
1224,text,0
1225,text,0
1226,text,0
1227,select,0
1228,text,0
1229,radio,0
1231,text,0
1232,text,0
1233,text,0
1234,text,0
1235,text,0
1236,text,0
1237,text,0
1238,text,0
1239,text,0
1240,text,0
1241,text,0
1242,text,0
1243,text,0
1244,text,0
1245,text,0
1246,text,0
1247,text,0
1248,text,0
1249,text,0
1250,text,0
1251,text,0
1252,text,0
1253,text,0
1254,text,0
1255,text,0
1256,text,0
1257,text,0
1258,text,0
1259,text,0
1260,text,0
1261,text,0
1262,text,0
1263,text,0
1264,text,0
1265,text,0
1266,text,0
1267,text,0
1268,text,0
1269,text,0
1270,text,0
1271,text,0
1272,text,0
1273,text,0
1274,text,0
1275,text,0
1276,text,0
1277,text,0
1278,text,0
1279,text,0
1280,text,0
1281,text,0
1282,text,0
1283,text,0
1284,text,0
1285,text,0
1286,text,0
1287,text,0
1288,text,0
1289,text,0
1290,text,0
1291,text,0
1292,text,0
1293,text,0
1294,text,0
1295,text,0
1296,text,0
1297,text,0
1298,text,0
1299,text,0
1300,text,0
1301,text,0
1302,text,0
1303,text,0
1304,text,0
1305,text,0
1306,text,0
1307,text,0
1308,text,0
1309,text,0
1310,text,0
1311,text,0
1312,text,0
1313,text,0
1314,text,0
1315,text,0
1316,text,0
1317,text,0
1318,text,0
1319,text,0
1320,text,0
1321,text,0
1322,text,0
1323,text,0
1324,text,0
1325,text,0
1326,text,0
1327,text,0
1328,text,0
1329,text,0
1330,text,0
1331,text,0
1332,text,0
1333,text,0
1334,text,0
1335,text,0
1336,text,0
1337,text,0
1338,text,0
1339,text,0
1340,text,0
1341,text,0
1342,text,0
1343,text,0
1344,text,0
1345,text,0
1346,text,0
1347,text,0
1348,text,0
1349,text,0
1350,text,0
1351,text,0
1352,text,0
1353,text,0
1354,text,0
1355,text,0
1356,text,0
1357,text,0
1358,text,0
1359,text,0
1360,text,0
1361,text,0
1362,text,0
1363,text,0
1364,text,0
1365,text,0
1366,text,0
1367,text,0
1368,text,0
1369,text,0
1370,text,0
1371,text,0
1372,text,0
1373,text,0
1374,text,0
1375,text,0
1376,text,0
1377,text,0
1378,text,0
1379,text,0
1380,text,0
1381,text,0
1382,text,0
1383,text,0
1384,text,0
1385,text,0
1386,text,0
1387,text,0
1388,text,0
1389,text,0
1390,text,0
1391,text,0
1392,text,0
1393,text,0
1394,text,0
1395,text,0
1396,text,0
1397,text,0
1398,text,0
1399,text,0
1400,text,0
1401,text,0
1402,text,0
1403,text,0
1404,text,0
1405,text,0
1406,text,0
1407,text,0
1408,text,0
1409,text,0
1410,text,0
1411,text,0
1412,text,0
1413,text,0
1414,text,0
1415,text,0
1416,text,0
1417,text,0
1419,checkbox,0
1420,text,0
1421,text,0
1422,text,0
1423,text,0
1424,text,0
1425,text,0
1426,text,0
1427,text,0
1428,text,0
1429,text,0
1430,text,0
1431,text,0
1432,text,0
1433,text,0
1434,text,0
1435,text,0
1436,text,0
1437,text,0
1438,text,0
1439,text,0
1440,text,0
1441,text,0
1442,text,0
1443,text,0
1444,text,0
1445,text,0
1446,text,0
1447,text,0
1448,text,0
1449,text,0
1450,text,0
1451,text,0
1452,text,0
1453,text,0
1454,text,0
1455,text,0
1456,text,0
1457,text,0
1458,text,0
1459,text,0
1460,text,0
1461,text,0
1462,text,0
1463,text,0
1464,text,0
1465,text,0
1466,checkbox,2
1467,select,2
1468,text,0
1469,text,0
1470,text,0
1471,text,0
1472,text,0
1473,text,0
1474,text,0
1475,text,0
1476,checkbox,2
1477,select,2
1478,text,0
1479,text,0
1480,text,0
1481,text,0
1482,text,0
1483,text,0
1484,select,0
1485,select,2
1486,text,0
1487,text,0
1488,text,0
1489,text,0
1490,text,0
1491,text,0
1492,text,0
1493,text,0
1494,text,0
1495,text,0
1496,text,0
1497,text,0
1498,text,0
1499,text,0
1500,text,0
1501,text,0
1502,text,0
1503,text,0
1504,text,0
1505,select,0
1506,text,0
1507,text,0
1508,text,0
1509,text,0
1510,text,0
1511,text,0
1512,text,0
1513,text,0
1514,text,0
1515,text,0
1516,text,0
1517,text,0
1518,text,0
1519,text,0
1520,text,0
1521,text,0
1522,text,0
1523,text,0
1524,text,0
1525,text,0
1526,text,0
1527,text,0
1528,text,0
1529,text,0
1530,text,0
1531,text,0
1532,text,0
1533,text,0
1534,text,0
1535,text,0
1536,text,0
1537,text,0
1538,text,0
1539,text,0
1540,text,0
1541,select,0
1542,text,0
1543,text,0
1544,text,0
1545,text,0
1546,text,0
1547,text,0
1548,text,0
1549,text,0
1550,text,0
1551,text,0
1552,text,0
1553,text,0
1554,text,0
1555,text,0
1556,text,0
1557,text,0
1558,text,0
1559,text,0
1560,text,0
1561,text,0
1562,text,0
1563,text,0
1564,text,0
1565,text,0
1566,text,0
1567,text,0
1568,text,0
1569,text,0
1570,text,0
1571,textarea,0
1572,text,0
1573,text,0
1574,text,0
1575,text,0
1576,text,0
1577,text,0
1578,text,0
1579,text,0
1580,text,0
1581,text,0
1582,text,0
1583,text,0
1584,text,0
1585,text,0
1586,text,0
1587,text,0
1588,text,0
1589,text,0
1590,text,0
1591,text,0
1592,text,0
1593,text,0
1594,text,0
1595,text,0
1596,text,0
1597,text,0
1598,text,0
1599,text,0
1600,text,0
1601,text,0
1602,text,0
1603,text,0
1604,text,0
1605,text,0
1606,select,0
1607,text,0
1608,text,0
1609,text,0
1610,text,0
1611,text,0
1612,text,0
1613,text,0
1614,text,0
1615,text,0
1616,text,0
1617,text,0
1618,text,0
1619,text,0
1620,text,0
1621,text,0
1622,text,0
1623,text,0
1624,text,0
1625,text,0
1626,text,0
1627,text,0
1628,text,0
1629,text,0
1630,text,0
1631,text,0
1632,text,0
1633,text,0
1634,text,0
1635,text,0
1636,text,0
1637,text,0
1638,text,0
1639,select,0
1640,text,0
1641,date,0
1642,text,0
1643,text,0
1644,text,0
1645,text,0
1646,text,0
1647,text,0
1648,text,0
1649,text,0
1650,text,0
1651,radio,0
1652,text,0
1653,text,0
1654,text,0
1655,text,0
1656,text,0
1657,text,0
1658,text,0
1659,text,0
1660,text,0
1661,text,0
1662,text,0
1663,text,0
1664,text,0
1665,text,0
1666,text,0
1667,text,0
1668,text,0
1669,text,0
1670,text,0
1671,text,0
1672,text,0
1673,text,0
1674,text,0
1675,text,0
1676,date,0
1677,text,0
1678,text,0
1679,text,0
1680,text,0
1681,text,0
1682,datetime,0
1683,datetime,0
1684,datetime,0
1685,text,0
1686,text,0
1687,text,0
1688,text,0
1689,text,0
1690,text,0
1691,text,0
1692,text,0
1693,text,0
1694,text,0
1695,text,0
1696,text,0
1697,text,0
1698,text,0
1699,text,0
1700,text,0
1701,date,0
1702,text,0
1703,text,0
1704,text,0
1705,text,0
1706,date,0
1707,text,0
1708,text,0
1709,text,0
1710,text,0
1711,text,0
1712,text,0
1713,text,0
1714,text,0
1715,text,0
1716,text,0
1717,text,0
1718,text,0
1719,text,0
1720,text,0
1721,text,0
1722,text,0
1723,text,0
1724,text,0
1725,text,0
1726,text,0
1727,text,0
1728,date,0
1729,text,0
1730,text,0
1731,text,0
1732,text,0
1733,text,0
1734,text,0
1735,text,0
1736,text,0
1737,text,0
1738,text,0
1739,text,0
1740,text,0
1741,text,0
1742,text,0
1743,text,0
1744,text,0
1745,datetime,0
1746,text,0
1747,text,0
1748,text,0
1749,text,0
1750,date,0
1751,text,0
1752,text,0
1753,text,0
1754,text,0
1755,text,0
1756,text,0
1757,text,0
1758,text,0
1759,text,0
1760,text,0
1761,text,0
1762,text,0
1763,text,0
1764,text,0
1765,text,0
1766,text,0
1767,text,0
1768,text,0
1769,text,0
1770,text,0
1771,date,0
1772,text,0
1773,text,0
1774,text,0
1775,text,0
1776,text,0
1777,text,0
1778,text,0
1779,text,0
1780,text,0
1781,text,0
1782,text,0
1783,text,0
1784,date,0
1785,text,0
1786,date,0
1787,text,0
1788,date,0
1789,text,0
1790,text,0
1791,text,0
1792,text,0
1793,text,0
1794,text,0
1795,text,0
1796,text,0
1797,text,0
1798,text,0
1799,text,0
1800,text,0
1801,text,0
1802,text,0
1803,text,0
1804,text,0
1805,text,0
1806,text,0
1807,text,0
1808,text,0
1809,text,0
1810,select,0
1811,text,0
1812,date,0
1813,text,0
1814,text,0
1815,text,0
1816,text,0
1817,text,0
1818,text,0
1819,date,0
1820,text,0
1821,text,0
1822,text,0
1823,date,0
1824,text,0
1825,text,0
1826,text,0
1827,text,0
1828,text,0
1829,text,0
1830,text,0
1831,text,0
1832,text,0
1833,text,0
1834,text,0
1835,text,0
1836,text,0
1837,text,0
1838,text,0
1839,text,0
1840,text,0
1841,text,0
1842,text,0
1843,text,0
1844,text,0
1845,text,0
1846,text,0
1847,text,0
1848,text,0
1849,select,0
1850,text,0
1851,text,0
1852,text,0
1853,text,0
1854,text,0
1855,text,0
1856,text,0
1857,text,0
1858,text,0
1859,text,0
1860,select,0
1861,text,0
1862,text,0
1863,text,0
1864,text,0
1865,text,0
1866,text,0
1867,text,0
1868,text,0
1869,text,0
1870,text,0
1871,text,0
1872,text,0
1873,text,0
1874,text,0
1875,text,0
1876,text,0
1877,text,0
1878,text,0
1879,text,0
1880,text,0
1881,text,0
1882,text,0
1883,text,0
1884,text,0
1885,text,0
1886,text,0
1887,text,0
1888,text,0
1889,text,0
1890,text,0
1891,text,0
1892,text,0
1893,text,0
1894,text,0
1895,text,0
1896,text,0
1897,text,0
1898,text,0
1899,text,0
1900,text,0
1901,text,0
1902,text,0
1903,text,0
1904,text,0
1905,text,0
1906,text,0
1907,text,0
1908,text,0
1909,text,0
1910,text,0
1911,text,0
1912,text,0
1913,text,0
1914,text,0
1915,text,0
1916,text,0
1917,text,0
1918,text,0
1919,date,0
1920,text,0
1921,text,0
1922,text,0
1923,text,0
1924,text,0
1925,text,0
1926,text,0
1927,text,0
1928,text,0
1929,text,0
1930,radio,0
1931,text,0
1932,text,0
1933,text,0
1934,text,0
1935,radio,0
1936,text,0
1937,text,0
1938,text,0
1939,text,0
1940,text,0
1941,text,0
1942,text,0
1943,text,0
1944,text,0
1945,text,0
1946,text,0
1947,text,0
1948,text,0
1949,text,0
1950,text,0
1951,text,0
1952,text,0
1953,text,0
1954,text,0
1955,text,0
1956,text,0
1957,text,0
1958,text,0
1959,text,0
1960,text,0
1961,text,0
1962,text,0
1963,text,0
1964,text,0
1965,text,0
1966,text,0
1967,text,0
1968,text,0
1969,text,0
1970,text,0
1971,text,0
1972,text,0
1973,text,0
1974,date,0
1975,text,0
1976,text,0
1977,text,0
1978,text,0
1979,text,0
1980,date,0
1981,text,0
1982,text,0
1983,select,0
1984,text,0
1985,text,0
1986,text,0
1987,text,0
1988,text,0
1989,text,0
1990,text,0
1991,text,0
1992,text,0
1993,date,0
1994,text,0
1995,text,0
1996,text,0
1997,text,0
1998,text,0
1999,text,0
2000,text,0
2001,text,0
2002,text,0
2003,text,0
2004,text,0
2005,text,0
2006,text,0
2007,text,0
2008,text,0
2009,text,0
2010,text,0
2011,text,0
2012,text,0
2013,text,0
2014,text,0
2015,text,0
2016,text,0
2017,text,0
2018,text,0
2019,text,0
2020,text,0
2021,text,0
2022,text,0
2023,text,0
2024,text,0
2025,text,0
2026,text,0
2027,text,0
2028,text,0
2029,text,0
2030,text,0
2031,text,0
2032,text,0
2033,text,0
2034,text,0
2035,text,0
2036,text,0
2037,text,0
2038,text,0
2039,text,0
2040,text,0
2041,text,0
2042,text,0
2043,text,0
2044,text,0
2045,text,0
2046,text,0
2047,text,0
2048,text,0
2049,text,0
2050,text,0
2051,text,0
2052,text,0
2053,text,0
2054,text,0
2055,text,0
2056,text,0
2057,text,0
2058,text,0
2059,text,0
2060,text,0
2061,text,0
2062,text,0
2063,text,0
2064,text,0
2065,text,0
2066,text,0
2067,text,0
2068,text,0
2069,text,0
2070,text,0
2071,text,0
2072,text,0
2073,text,0
2074,text,0
2075,text,0
2076,text,0
2077,text,0
2078,text,0
2079,text,0
2080,text,0
2081,text,0
2082,text,0
2083,text,0
2084,text,0
2085,text,0
2086,text,0
2087,text,0
2088,text,0
2089,text,0
2090,text,0
2091,text,0
2092,text,0
2093,text,0
2094,text,0
2095,text,0
2096,text,0
2097,text,0
2098,text,0
2099,text,0
2100,text,0
2101,text,0
2102,text,0
2103,text,0
2104,text,0
2105,text,0
2106,text,0
2107,text,0
2108,text,0
2109,text,0
2110,text,0
2111,text,0
2112,text,0
2113,text,0
2114,text,0
2115,text,0
2116,text,0
2117,text,0
2118,text,0
2119,text,0
2120,text,0
2121,text,0
2122,text,0
2123,text,0
2124,text,0
2125,text,0
2126,text,0
2127,text,0
2128,text,0
2129,text,0
2130,text,0
2131,text,0
2132,text,0
2133,text,0
2134,text,0
2135,text,0
2136,text,0
2137,text,0
2138,text,0
2139,text,0
2140,text,0
2141,text,0
2142,text,0
2143,text,0
2144,text,0
2145,text,0
2146,text,0
2147,text,0
2148,text,0
2149,text,0
2150,text,0
2151,text,0
2152,text,0
2153,text,0
2154,text,0
2155,text,0
2156,text,0
2157,text,0
2158,text,0
2159,text,0
2160,text,0
2161,text,0
2162,text,0
2163,text,0
2164,text,0
2165,text,0
2166,text,0
2167,text,0
2168,text,0
2169,text,0
2170,text,0
2171,text,0
2172,text,0
2173,text,0
2174,text,0
2175,text,0
2176,text,0
2177,text,0
2178,text,0
2179,text,0
2180,text,0
2181,text,0
2182,text,0
2183,text,0
2184,text,0
2185,text,0
2186,text,0
2187,text,0
2188,text,0
2189,text,0
2190,text,0
2191,text,0
2192,text,0
2193,text,0
2194,text,0
2195,text,0
2196,text,0
2197,text,0
2198,text,0
2199,text,0
2200,text,0
2201,text,0
2202,text,0
2203,text,0
2204,text,0
2205,text,0
2206,text,0
2207,text,0
2208,text,0
2209,text,0
2210,text,0
2211,text,0
2212,text,0
2213,text,0
2214,text,0
2215,text,0
2216,text,0
2217,text,0
2218,text,0
2219,text,0
2220,text,0
2221,text,0
2222,text,0
2223,text,0
2224,text,0
2225,text,0
2226,text,0
2227,text,0
2228,text,0
2229,text,0
2230,text,0
2231,text,0
2232,text,0
2233,text,0
2234,text,0
2235,text,0
2236,text,0
2237,text,0
2238,text,0
2239,text,0
2240,text,0
2241,text,0
2242,text,0
2243,text,0
2244,text,0
2245,text,0
2246,text,0
2247,text,0
2248,text,0
2249,text,0
2250,text,0
2251,text,0
2252,text,0
2253,text,0
2254,text,0
2255,text,0
2256,text,0
2257,text,0
2258,text,0
2259,text,0
2260,text,0
2261,text,0
2262,text,0
2263,radio,0
2264,text,0
2265,text,0
2266,text,0
2267,text,0
2268,text,0
2269,text,0
2270,text,0
2271,text,0
2272,text,0
2273,text,0
2274,text,0
2275,text,0
2276,text,0
2277,select,0
2278,text,0
2279,text,0
2280,text,0
2281,text,0
2282,text,0
2283,text,0
2284,text,0
2285,text,0
2286,text,0
2287,text,0
2288,text,0
2289,text,0
2290,text,0
2291,text,0
2292,text,0
2293,radio,0
2294,radio,0
2295,text,0
2296,text,0
2297,text,0
2298,radio,0
2299,text,0
2300,text,0
2301,text,0
2302,text,0
2303,text,0
2304,text,0
2305,text,0
2306,text,0
2307,text,0
2308,text,0
2309,text,0
2310,text,0
2311,text,0
2312,text,0
2313,text,0
2314,text,0
2315,text,0
2316,text,0
2317,text,0
2318,text,0
2319,text,0
2320,text,0
2321,text,0
2322,text,0
2323,text,0
2324,text,0
2325,text,0
2326,text,0
2327,text,0
2328,text,0
2329,text,0
2330,text,0
2331,text,0
2332,text,0
2333,text,0
2334,text,0
2335,text,0
2336,text,0
2337,text,0
2338,text,0
2339,text,0
2340,text,0
2341,text,0
2342,text,0
2343,text,0
2344,text,0
2345,text,0
2346,text,0
2347,text,0
2348,text,0
2349,text,0
2350,text,0
2351,text,0
2352,text,0
2353,text,0
2354,text,0
2355,text,0
2356,text,0
2357,text,0
2358,text,0
2359,text,0
2360,text,0
2361,text,0
2362,text,0
2363,text,0
2364,text,0
2365,text,0
2366,text,0
2367,text,0
2368,text,0
2369,text,0
2370,text,0
2371,checkbox,0
2372,checkbox,0
2373,checkbox,0
2374,checkbox,0
2375,select,0
2376,text,0
2377,text,0
2378,text,0
2379,text,0
2380,text,0
2381,text,0
2382,select,0
2383,select,0
2384,select,0
2385,text,0
2386,text,0
2387,radio,0
2388,text,0
2389,text,0
2390,text,0
2391,radio,0
2392,text,0
2393,text,0
2394,text,0
2395,text,0
2396,radio,0
2397,text,0
2398,text,0
2399,text,0
2400,text,0
2401,text,0
2402,text,0
2403,text,0
2404,text,0
2405,text,0
2406,text,0
2407,text,0
2408,text,0
2409,text,0
2410,text,0
2411,text,0
2412,text,0
2413,text,0
2414,text,0
2415,text,0
2416,select,0
2417,select,0
2418,text,0
2419,text,0
2420,text,0
2421,text,0
2422,text,0
2423,text,0
2424,text,0
2425,text,0
2426,text,0
2427,text,0
2428,text,0
2429,text,0
2430,text,0
2431,text,0
2432,text,0
2433,text,0
2434,text,0
2435,text,0
2436,text,0
2437,text,0
2438,text,0
2439,text,0
2440,text,0
2441,text,0
2442,text,0
2443,text,0
2444,text,0
2445,text,0
2446,text,0
2447,text,0
2448,text,0
2449,text,0
2450,text,0
2451,text,0
2452,text,0
2453,text,0
2454,text,0
2455,text,0
2456,text,0
2457,text,0
2458,text,0
2459,text,0
2460,text,0
2461,text,0
2462,text,0
2463,text,0
2464,text,0
2465,text,0
2466,text,0
2467,text,0
2468,text,0
2469,text,0
2470,text,0
2471,text,0
2472,text,0
2473,text,0
2474,text,0
2475,text,0
2476,text,0
2477,text,0
2478,text,0
2479,text,0
2480,text,0
2481,text,0
2482,text,0
2483,text,0
2484,text,0
2485,text,0
2486,text,0
2487,text,0
2488,text,0
2489,text,0
2490,radio,0
2491,radio,0
2492,select,0
2493,text,0
2494,text,0
2495,text,0
2496,text,0
2497,text,0
2498,text,0
2499,text,0
2500,text,0
2501,text,0
2502,text,0
2503,text,0
2504,text,0
2505,text,0
2506,text,0
2507,text,0
2508,text,0
2509,text,0
2510,text,0
2511,text,0
2512,text,0
2513,text,0
2514,text,0
2515,text,0
2516,text,0
2517,text,0
2518,text,0
2519,text,0
2520,text,0
2521,text,0
2522,text,0
2523,text,0
2524,text,0
2525,text,0
2526,text,0
2527,text,0
2528,select,0
2529,text,0
2530,text,0
2531,text,0
2532,text,0
2533,text,0
2534,text,0
2535,text,0
2536,text,0
2537,text,0
2538,text,0
2539,text,0
2540,text,0
2541,text,0
2542,text,0
2543,text,0
2544,text,0
2545,text,0
2546,text,0
2547,text,0
2548,text,0
2549,text,0
2550,text,0
2551,text,0
2552,text,0
2553,text,0
2554,text,0
2555,text,0
2556,text,0
2557,text,0
2558,text,0
2559,text,0
2560,text,0
2561,text,0
2562,text,0
2563,text,0
2564,text,0
2565,text,0
2566,text,0
2567,text,0
2568,text,0
2569,text,0
2570,text,0
2571,text,0
2572,text,0
2573,text,0
2574,text,0
2575,text,0
2576,text,0
2577,text,0
2578,text,0
2579,text,0
2580,text,0
2581,select,0
2582,select,0
2583,select,0
2584,text,0
2585,text,0
2586,text,0
2587,text,0
2588,text,0
2589,text,0
2590,text,0
2591,text,0
2592,text,0
2593,text,0
2594,text,0
2595,text,0
2596,text,0
2597,text,0
2598,text,0
2599,text,0
2600,text,0
2601,text,0
2602,text,0
2603,text,0
2604,text,0
2605,text,0
2606,text,0
2607,text,0
2608,text,0
2609,text,0
2610,text,0
2611,text,0
2612,text,0
2613,text,0
2614,text,0
2615,text,0
2616,text,0
2617,text,0
2618,text,0
2619,text,0
2620,text,0
2621,text,0
2622,text,0
2623,text,0
2624,text,0
2625,text,0
2626,text,0
2627,text,0
2628,text,0
2629,text,0
2630,text,0
2631,text,0
2632,text,0
2633,text,0
2634,text,0
2635,text,0
2636,text,0
2637,text,0
2638,text,0
2639,text,0
2640,text,0
2641,select,0
2642,text,0
2643,text,0
2644,text,0
2645,text,0
2646,text,0
2647,text,0
2648,text,0
2649,text,0
2650,text,0
2651,text,0
2652,text,0
2653,text,0
2654,text,0
2655,select,0
2656,select,0
2657,text,0
2658,text,0
2659,select,0
2660,select,0
2661,text,0
2662,select,0
2663,select,0
2664,select,0
2665,text,0
2666,text,0
2667,text,0
2668,text,0
2669,text,0
2670,text,0
2671,text,0
2672,text,0
2673,text,0
2674,text,0
2675,text,0
2676,text,0
2677,text,0
2678,text,0
2679,text,0
2680,text,0
2681,text,0
2682,text,0
2683,text,0
2684,text,0
2685,text,0
2686,text,0
2687,text,0
2688,select,0
2689,text,0
2690,text,0
2691,text,0
2692,text,0
2693,select,0
2694,select,0
2695,text,0
2696,text,0
2697,text,0
2698,text,0
2699,text,0
2700,select,0
2701,select,0
2702,select,0
2703,text,0
2704,select,0
2705,select,0
2706,select,0
2707,text,0
2708,text,0
2709,text,0
2710,text,0
2711,text,0
2712,text,0
2713,text,0
2714,text,0
2715,text,0
2716,text,0
2717,text,0
2718,text,0
2719,text,0
2720,text,0
2721,text,0
2722,text,0
2723,text,0
2724,text,0
2725,text,0
2726,text,0
2727,text,0
2728,text,0
2729,text,0
2730,text,0
2731,text,0
2732,text,0
2733,text,0
2734,text,0
2735,text,0
2736,text,0
2737,text,0
2738,text,0
2739,text,0
2740,text,0
2741,text,0
2742,text,0
2743,text,0
2744,text,0
2745,text,0
2746,text,0
2747,text,0
2748,text,0
2749,text,0
2750,text,0
2751,text,0
2752,text,0
2753,text,0
2754,text,0
2755,text,0
2756,text,0
2757,text,0
2758,text,0
2759,text,0
2760,text,0
2761,text,0
2762,text,0
2763,text,0
2764,text,0
2765,text,0
2766,text,0
2767,select,0
2768,text,0
2769,text,0
2770,text,0
2771,text,0
2772,text,0
2773,text,0
2774,text,0
2775,text,0
2776,text,0
2777,text,0
2778,text,0
2779,text,0
2780,text,0
2781,text,0
2782,text,0
2783,text,0
2784,text,0
2785,text,0
2786,text,0
2787,text,0
2788,text,0
2789,text,0
2790,text,0
2791,text,0
2792,text,0
2793,text,0
2794,text,0
2795,text,0
2796,text,0
2797,text,0
2798,text,0
2799,text,0
2800,text,0
2801,text,0
2802,text,0
2803,text,0
2804,text,0
2805,text,0
2808,text,0
2809,select,0
2810,select,1
2811,select,0
2812,select,0
2813,select,0
2814,text,0
2815,select,0
2816,text,0
2817,text,0
2818,text,0
2819,text,0
2820,select,0
2821,select,0
2822,select,0
2823,select,12
2824,select,0
2825,text,0
2826,text,0
2827,text,0
2828,text,0
2829,text,0
2830,text,0
2831,text,0
2832,text,0
2833,text,0
2834,text,0
2835,text,0
2836,select,3
2837,select,0
2838,select,32
2839,text,0
2840,text,0
2841,text,0
2842,select,0
2843,text,0
2844,text,0
2845,text,0
2846,text,0
2847,text,0
2848,text,0
2849,text,0
2850,text,0
2851,text,0
2852,text,0
2853,text,0
2854,text,0
2855,text,0
2856,text,0
2857,text,0
2858,text,0
2859,text,0
2860,select,5
2861,select,3
2862,text,0
2863,text,0
2864,select,12
2865,select,3
2866,select,5
2867,text,0
2868,text,0
2869,text,0
2870,text,0
2871,text,0
2872,text,0
2873,text,0
2874,text,0
2875,text,0
2876,text,0
2877,text,0
2878,text,0
2879,text,0
2880,text,0
2881,text,0
2882,text,0
2883,text,0
2884,text,0
2885,text,0
2886,text,0
2887,text,0
2888,text,0
2889,select,4
2890,select,2
2891,text,0
2892,text,0
2893,text,0
2894,text,0
2895,text,0
2896,text,0
2897,text,0
2898,text,0
2899,text,0
2900,text,0
2901,text,0
2902,text,0
2903,text,0
2904,text,0
2905,text,0
2906,text,0
2907,text,0
2908,text,0
2909,text,0
2910,text,0
2911,select,0
2912,text,0
2913,text,0
2914,text,0
2915,text,0
2916,text,0
2917,text,0
2918,text,0
2919,text,0
2920,text,0
2921,text,0
2922,text,0
2923,text,0
2924,text,0
2925,text,0
2926,text,0
2927,text,0
2928,text,0
2929,text,0
2930,text,0
2931,text,0
2932,text,0
2933,text,0
2934,text,0
2935,text,0
2936,text,0
2937,text,0
2938,text,0
2939,text,0
2940,text,0
2941,text,0
2942,text,0
2943,text,0
2944,text,0
2945,select,0
2946,select,0
2947,text,0
2948,text,0
2949,text,0
2950,select,0
2951,select,0
2952,select,0
2953,text,0
2954,select,0
2955,select,0
